Time[ms], Volt[V],AVE
5,0,0.14875
10,0,0.132
15,0,0.12025
20,0,0.10125
25,0,0.07725
30,0.001,0.0665
35,0.001,0.066
40,0.001,0.06325
45,0.002,0.02475
50,0.002,0.04425
55,0.003,0.04475
60,0.004,0.01625
65,0.004,0.03725
70,0.005,0.03225
75,0.006,0.02125
80,0.007,0.01
85,0.008,0.003
90,0.009,0.00325
95,0.01,0.02575
100,0.011,0.007
105,0.012,0
110,0.013,0.00075
115,0.014,0.0235
120,0.016,0.02
125,0.017,0.017
130,0.018,-0.0005
135,0.02,0.00025
140,0.022,0.0095
145,0.023,-0.0075
150,0.025,0.0315
155,0.027,-0.01175
160,0.028,0.013
165,0.03,-0.0045
170,0.032,-0.00275
175,0.034,-0.0085
180,0.036,0.008
185,0.038,0.02175
190,0.04,0.00175
195,0.043,0
200,0.045,-0.00575
205,0.047,-0.01775
210,0.05,-0.00175
215,0.052,-0.001
220,0.055,0.00825
225,0.057,-0.016
230,0.06,0.0015
235,0.063,-0.0165
240,0.065,-0.00425
245,0.068,0.0105
250,0.071,0.0025
255,0.074,0.018
260,0.077,-0.0005
265,0.08,0.01525
270,0.083,-0.01675
275,0.086,0.015
280,0.089,0.00525
285,0.093,-0.0115
290,0.096,-0.0025
295,0.099,-0.01575
300,0.103,-0.0065
305,0.106,0.017
310,0.11,0.007
315,0.113,0.0055
320,0.117,0.004
325,0.121,0.0015
330,0.125,-0.02675
335,0.129,0.02425
340,0.132,-0.0115
345,0.136,-0.018
350,0.14,0.01675
355,0.144,0.014
360,0.149,-0.00375
365,0.153,-0.001
370,0.157,0.00475
375,0.161,0.02475
380,0.166,-0.02175
385,0.17,-0.01125
390,0.175,0.01275
395,0.179,0.00375
400,0.184,0.0025
405,0.189,-0.00525
410,0.193,0.0085
415,0.198,0.00775
420,0.203,-0.0155
425,0.208,0.018
430,0.213,-0.00825
435,0.218,-0.016
440,0.223,0.001
445,0.228,0.0035
450,0.233,-0.01275
455,0.238,-0.0105
460,0.244,-0.017
465,0.249,0.01075
470,0.254,0.0225
475,0.26,-0.01025
480,0.265,0
485,0.271,-0.0095
490,0.276,0.0075
495,0.282,-0.0095
500,0.288,0.0005
505,0.294,0.0065
510,0.3,0.02725
515,0.305,-0.008
520,0.311,-0.01275
525,0.317,0.01175
530,0.323,-0.0205
535,0.33,0.00775
540,0.336,-0.0165
545,0.342,-0.00725
550,0.348,0.0095
555,0.355,0.0075
560,0.361,0.0125
565,0.368,-0.01125
570,0.374,0.006
575,0.381,-0.01075
580,0.387,-0.00175
585,0.394,0.00075
590,0.401,-0.009
595,0.408,-0.00025
600,0.414,0.009
605,0.421,0.02225
610,0.428,-0.0045
615,0.435,0.00925
620,0.442,-0.00725
625,0.45,-0.0135
630,0.457,-0.01525
635,0.464,0.01625
640,0.471,0.01225
645,0.479,0.00625
650,0.486,-0.004
655,0.493,-0.00125
660,0.501,0.01175
665,0.509,0.01
670,0.516,0.001
675,0.524,0.0005
680,0.532,0.007
685,0.539,0.02175
690,0.547,-0.02025
695,0.555,-0.01675
700,0.563,-0.0065
705,0.571,-0.03425
710,0.579,0.001
715,0.587,-0.02925
720,0.595,-0.00775
725,0.604,0.00925
730,0.612,-0.006
735,0.62,0.00775
740,0.629,0.03025
745,0.637,0.00175
750,0.645,-0.00675
755,0.654,0.014
760,0.663,0.01175
765,0.671,0.01
770,0.68,-0.0055
775,0.689,0.0085
780,0.697,0.00775
785,0.706,0.0065
790,0.715,-0.00125
795,0.724,-0.0165
800,0.733,-0.03575
805,0.742,0.0065
810,0.751,0.001
815,0.76,-0.0015
820,0.77,0.00775
825,0.779,-0.0305
830,0.788,-0.042
835,0.798,-0.05675
840,0.807,-0.02625
845,0.816,-0.0465
850,0.826,-0.0885
855,0.836,-0.06175
860,0.845,-0.11625
865,0.855,-0.148
870,0.865,-0.187
875,0.874,-0.2245
880,0.884,-0.27675
885,0.894,-0.3475
890,0.904,-0.42475
895,0.914,-0.48
900,0.924,-0.5255
905,0.934,-0.5755
910,0.944,-0.6375
915,0.954,-0.7215
920,0.965,-0.768
925,0.975,-0.809
930,0.985,-0.8615
935,0.996,-0.9105
940,1.006,-0.984
945,1.016,-0.99325
950,1.027,-1.0475
955,1.038,-1.11775
960,1.048,-1.1755
965,1.059,-1.196
970,1.07,-1.23675
975,1.08,-1.27125
980,1.091,-1.339
985,1.102,-1.3295
990,1.113,-1.39575
995,1.124,-1.42125
1000,1.135,-1.45425
1005,1.146,-1.50975
1010,1.157,-1.50525
1015,1.168,-1.5625
1020,1.179,-1.56475
1025,1.191,-1.63
1030,1.202,-1.6315
1035,1.213,-1.67075
1040,1.225,-1.70425
1045,1.236,-1.7085
1050,1.248,-1.75325
1055,1.259,-1.7435
1060,1.271,-1.77375
1065,1.282,-1.811
1070,1.294,-1.78825
1075,1.306,-1.83675
1080,1.317,-1.85675
1085,1.329,-1.871
1090,1.341,-1.906
1095,1.353,-1.89825
1100,1.365,-1.9235
1105,1.377,-1.945
1110,1.389,-1.932
1115,1.401,-1.98375
1120,1.413,-2.024
1125,1.425,-2.014
1130,1.438,-2.01325
1135,1.45,-2.02225
1140,1.462,-2.0365
1145,1.474,-2.0785
1150,1.487,-2.078
1155,1.499,-2.07775
1160,1.512,-2.1215
1165,1.524,-2.1365
1170,1.537,-2.14875
1175,1.55,-2.18125
1180,1.562,-2.179
1185,1.575,-2.16875
1190,1.588,-2.22075
1195,1.6,-2.24925
1200,1.613,-2.24525
1205,1.626,-2.2755
1210,1.639,-2.34325
1215,1.652,-2.341
1220,1.665,-2.3585
1225,1.678,-2.42425
1230,1.691,-2.397
1235,1.704,-2.45275
1240,1.718,-2.50325
1245,1.731,-2.5305
1250,1.744,-2.556
1255,1.757,-2.59975
1260,1.771,-2.68
1265,1.784,-2.6955
1270,1.798,-2.706
1275,1.811,-2.76975
1280,1.825,-2.85325
1285,1.838,-2.87625
1290,1.852,-2.9185
1295,1.865,-3.008
1300,1.879,-3.03775
1305,1.893,-3.0925
1310,1.906,-3.17575
1315,1.92,-3.22275
1320,1.934,-3.28
1325,1.948,-3.343
1330,1.962,-3.423
1335,1.976,-3.486
1340,1.99,-3.56725
1345,2.004,-3.6275
1350,2.018,-3.68025
1355,2.032,-3.7745
1360,2.046,-3.841
1365,2.06,-3.95325
1370,2.075,-3.97325
1375,2.089,-4.08425
1380,2.103,-4.128
1385,2.118,-4.247
1390,2.132,-4.32425
1395,2.146,-4.4055
1400,2.161,-4.477
1405,2.175,-4.5575
1410,2.19,-4.634
1415,2.205,-4.6945
1420,2.219,-4.77325
1425,2.234,-4.8495
1430,2.249,-4.922
1435,2.263,-4.999
1440,2.278,-5.08525
1445,2.293,-5.13175
1450,2.308,-5.23825
1455,2.323,-5.29025
1460,2.337,-5.34825
1465,2.352,-5.4015
1470,2.367,-5.48375
1475,2.382,-5.52925
1480,2.397,-5.607
1485,2.413,-5.65075
1490,2.428,-5.711
1495,2.443,-5.7705
1500,2.458,-5.81275
1505,2.473,-5.8725
1510,2.489,-5.9045
1515,2.504,-5.9445
1520,2.519,-5.962
1525,2.535,-6.0185
1530,2.55,-6.0725
1535,2.565,-6.0875
1540,2.581,-6.127
1545,2.596,-6.144
1550,2.612,-6.1875
1555,2.627,-6.2115
1560,2.643,-6.24925
1565,2.659,-6.25875
1570,2.674,-6.284
1575,2.69,-6.3125
1580,2.706,-6.31525
1585,2.722,-6.3585
1590,2.737,-6.3795
1595,2.753,-6.412
1600,2.769,-6.412
1605,2.785,-6.3915
1610,2.801,-6.43675
1615,2.817,-6.459
1620,2.833,-6.4645
1625,2.849,-6.45825
1630,2.865,-6.49425
1635,2.881,-6.486
1640,2.897,-6.507
1645,2.913,-6.495
1650,2.93,-6.50325
1655,2.946,-6.529
1660,2.962,-6.51
1665,2.978,-6.52525
1670,2.995,-6.531
1675,3.011,-6.54375
1680,3.027,-6.57075
1685,3.044,-6.57125
1690,3.06,-6.617
1695,3.076,-6.602
1700,3.093,-6.59325
1705,3.109,-6.62775
1710,3.126,-6.654
1715,3.143,-6.665
1720,3.159,-6.69775
1725,3.176,-6.7095
1730,3.192,-6.72175
1735,3.209,-6.7385
1740,3.226,-6.77275
1745,3.243,-6.789
1750,3.259,-6.812
1755,3.276,-6.81425
1760,3.293,-6.85275
1765,3.31,-6.91075
1770,3.327,-6.88925
1775,3.343,-6.952
1780,3.36,-6.96825
1785,3.377,-7.001
1790,3.394,-7.04625
1795,3.411,-7.03775
1800,3.428,-7.092
1805,3.445,-7.143
1810,3.462,-7.15975
1815,3.479,-7.247
1820,3.497,-7.23325
1825,3.514,-7.26975
1830,3.531,-7.313
1835,3.548,-7.38125
1840,3.565,-7.39125
1845,3.583,-7.39025
1850,3.6,-7.43
1855,3.617,-7.5295
1860,3.634,-7.55625
1865,3.652,-7.559
1870,3.669,-7.61575
1875,3.686,-7.64375
1880,3.704,-7.705
1885,3.721,-7.74075
1890,3.739,-7.80275
1895,3.756,-7.82125
1900,3.774,-7.88325
1905,3.791,-7.9205
1910,3.809,-7.9775
1915,3.826,-8.04225
1920,3.844,-8.08825
1925,3.862,-8.10575
1930,3.879,-8.17825
1935,3.897,-8.20375
1940,3.914,-8.229
1945,3.932,-8.31625
1950,3.95,-8.33925
1955,3.968,-8.4155
1960,3.985,-8.43275
1965,4.003,-8.5135
1970,4.021,-8.54675
1975,4.039,-8.55825
1980,4.056,-8.611
1985,4.074,-8.66
1990,4.092,-8.70975
1995,4.11,-8.757
2000,4.128,-8.78025
2005,4.146,-8.789
2010,4.164,-8.84175
2015,4.182,-8.89475
2020,4.2,-8.95925
2025,4.218,-8.966
2030,4.236,-8.9905
2035,4.254,-9.0505
2040,4.272,-9.04225
2045,4.29,-9.11625
2050,4.308,-9.12525
2055,4.326,-9.116
2060,4.344,-9.20675
2065,4.362,-9.239
2070,4.38,-9.244
2075,4.399,-9.31925
2080,4.417,-9.3445
2085,4.435,-9.35525
2090,4.453,-9.423
2095,4.471,-9.4155
2100,4.49,-9.454
2105,4.508,-9.496
2110,4.526,-9.58075
2115,4.544,-9.54475
2120,4.563,-9.66
2125,4.581,-9.66525
2130,4.599,-9.73375
2135,4.618,-9.77175
2140,4.636,-9.79675
2145,4.654,-9.83725
2150,4.673,-9.86375
2155,4.691,-9.9065
2160,4.71,-9.95225
2165,4.728,-9.99975
2170,4.746,-10.02725
2175,4.765,-10.09325
2180,4.783,-10.136
2185,4.802,-10.17625
2190,4.82,-10.21925
2195,4.839,-10.28325
2200,4.857,-10.31325
2205,4.876,-10.34375
2210,4.894,-10.40725
2215,4.913,-10.438
2220,4.931,-10.55175
2225,4.95,-10.5105
2230,4.968,-10.6085
2235,4.987,-10.604
2240,5.006,-10.68875
2245,5.024,-10.7015
2250,5.043,-10.76575
2255,5.061,-10.7685
2260,5.08,-10.803
2265,5.099,-10.86075
2270,5.117,-10.85775
2275,5.136,-10.871
2280,5.155,-10.8995
2285,5.173,-10.91875
2290,5.192,-10.89425
2295,5.211,-10.95675
2300,5.229,-10.9185
2305,5.248,-10.95475
2310,5.267,-10.98675
2315,5.285,-10.94825
2320,5.304,-10.972
2325,5.323,-10.9705
2330,5.342,-10.9635
2335,5.36,-10.9655
2340,5.379,-10.9565
2345,5.398,-10.9405
2350,5.417,-10.962
2355,5.435,-10.947
2360,5.454,-10.9725
2365,5.473,-11.027
2370,5.492,-10.973
2375,5.51,-11.00025
2380,5.529,-11.024
2385,5.548,-11.0575
2390,5.567,-11.07625
2395,5.586,-11.07675
2400,5.604,-11.11475
2405,5.623,-11.1255
2410,5.642,-11.11025
2415,5.661,-11.176
2420,5.68,-11.19175
2425,5.699,-11.23125
2430,5.717,-11.2485
2435,5.736,-11.24675
2440,5.755,-11.29975
2445,5.774,-11.336
2450,5.793,-11.381
2455,5.812,-11.397
2460,5.83,-11.45225
2465,5.849,-11.49475
2470,5.868,-11.55525
2475,5.887,-11.593
2480,5.906,-11.5915
2485,5.925,-11.66875
2490,5.943,-11.7295
2495,5.962,-11.76875
2500,5.981,-11.79
2505,6,-11.8585
2510,6.019,-11.94025
2515,6.038,-12.00675
2520,6.057,-12.03675
2525,6.075,-12.06725
2530,6.094,-12.11175
2535,6.113,-12.16025
2540,6.132,-12.228
2545,6.151,-12.239
2550,6.17,-12.274
2555,6.189,-12.342
2560,6.207,-12.32525
2565,6.226,-12.35375
2570,6.245,-12.37575
2575,6.264,-12.41925
2580,6.283,-12.41375
2585,6.302,-12.40275
2590,6.32,-12.4435
2595,6.339,-12.44475
2600,6.358,-12.4545
2605,6.377,-12.47225
2610,6.396,-12.44625
2615,6.414,-12.4785
2620,6.433,-12.51075
2625,6.452,-12.5325
2630,6.471,-12.54275
2635,6.49,-12.58725
2640,6.508,-12.597
2645,6.527,-12.64275
2650,6.546,-12.6515
2655,6.565,-12.71025
2660,6.583,-12.76575
2665,6.602,-12.76275
2670,6.621,-12.85875
2675,6.64,-12.8895
2680,6.658,-12.89725
2685,6.677,-12.99075
2690,6.696,-13.021
2695,6.715,-13.0585
2700,6.733,-13.12175
2705,6.752,-13.22475
2710,6.771,-13.262
2715,6.789,-13.32925
2720,6.808,-13.398
2725,6.827,-13.47225
2730,6.845,-13.4985
2735,6.864,-13.59425
2740,6.883,-13.687
2745,6.901,-13.73875
2750,6.92,-13.8055
2755,6.939,-13.8445
2760,6.957,-13.9065
2765,6.976,-13.95875
2770,6.994,-14.0405
2775,7.013,-14.02475
2780,7.032,-14.05725
2785,7.05,-14.05775
2790,7.069,-14.12875
2795,7.087,-14.15475
2800,7.106,-14.1315
2805,7.124,-14.14125
2810,7.143,-14.14625
2815,7.161,-14.12425
2820,7.18,-14.13575
2825,7.198,-14.1195
2830,7.217,-14.08625
2835,7.235,-14.09075
2840,7.254,-14.08525
2845,7.272,-14.06525
2850,7.291,-14.07075
2855,7.309,-14.0275
2860,7.327,-14.065
2865,7.346,-14.04625
2870,7.364,-14.03375
2875,7.382,-14.0675
2880,7.401,-14.071
2885,7.419,-14.05
2890,7.437,-14.10275
2895,7.456,-14.135
2900,7.474,-14.10475
2905,7.492,-14.18225
2910,7.51,-14.166
2915,7.529,-14.2735
2920,7.547,-14.27025
2925,7.565,-14.29675
2930,7.583,-14.3285
2935,7.601,-14.4135
2940,7.62,-14.485
2945,7.638,-14.55975
2950,7.656,-14.57575
2955,7.674,-14.64425
2960,7.692,-14.71
2965,7.71,-14.7295
2970,7.728,-14.75975
2975,7.746,-14.83675
2980,7.764,-14.844
2985,7.782,-14.914
2990,7.8,-14.92
2995,7.818,-14.945
3000,7.836,-14.9875
3005,7.854,-14.9795
3010,7.872,-14.9685
3015,7.89,-14.98875
3020,7.908,-14.9775
3025,7.926,-14.99175
3030,7.944,-14.9535
3035,7.961,-14.944
3040,7.979,-14.8985
3045,7.997,-14.8895
3050,8.015,-14.91325
3055,8.033,-14.92175
3060,8.05,-14.96275
3065,8.068,-14.946
3070,8.086,-14.98875
3075,8.103,-14.959
3080,8.121,-15.023
3085,8.139,-15.0155
3090,8.156,-15.04425
3095,8.174,-15.124
3100,8.191,-15.15325
3105,8.209,-15.25875
3110,8.226,-15.28575
3115,8.244,-15.37325
3120,8.261,-15.43375
3125,8.279,-15.52575
3130,8.296,-15.613
3135,8.314,-15.68975
3140,8.331,-15.7965
3145,8.348,-15.90175
3150,8.366,-15.9665
3155,8.383,-16.07475
3160,8.4,-16.208
3165,8.418,-16.2535
3170,8.435,-16.358
3175,8.452,-16.4305
3180,8.469,-16.506
3185,8.486,-16.58525
3190,8.503,-16.61475
3195,8.521,-16.66175
3200,8.538,-16.69925
3205,8.555,-16.72425
3210,8.572,-16.72475
3215,8.589,-16.73725
3220,8.606,-16.709
3225,8.623,-16.7455
3230,8.64,-16.7125
3235,8.657,-16.68775
3240,8.674,-16.65725
3245,8.69,-16.651
3250,8.707,-16.6455
3255,8.724,-16.535
3260,8.741,-16.51525
3265,8.758,-16.54175
3270,8.774,-16.52175
3275,8.791,-16.508
3280,8.808,-16.501
3285,8.824,-16.47375
3290,8.841,-16.52675
3295,8.858,-16.5315
3300,8.874,-16.53725
3305,8.891,-16.566
3310,8.907,-16.62325
3315,8.924,-16.6885
3320,8.94,-16.6835
3325,8.956,-16.73475
3330,8.973,-16.79675
3335,8.989,-16.8885
3340,9.006,-16.89675
3345,9.022,-17.0195
3350,9.038,-17.116
3355,9.054,-17.1215
3360,9.071,-17.222
3365,9.087,-17.25075
3370,9.103,-17.271
3375,9.119,-17.358
3380,9.135,-17.3835
3385,9.151,-17.35525
3390,9.167,-17.431
3395,9.183,-17.312
3400,9.199,-17.3755
3405,9.215,-17.343
3410,9.231,-17.292
3415,9.247,-17.301
3420,9.263,-17.2165
3425,9.278,-17.18175
3430,9.294,-17.17725
3435,9.31,-17.13075
3440,9.326,-17.14825
3445,9.341,-17.139
3450,9.357,-17.14225
3455,9.373,-17.146
3460,9.388,-17.155
3465,9.404,-17.18725
3470,9.419,-17.265
3475,9.435,-17.30075
3480,9.45,-17.331
3485,9.466,-17.42825
3490,9.481,-17.5185
3495,9.496,-17.5245
3500,9.512,-17.6675
3505,9.527,-17.74675
3510,9.542,-17.84125
3515,9.557,-17.9365
3520,9.572,-18.11525
3525,9.588,-18.143
3530,9.603,-18.29425
3535,9.618,-18.36925
3540,9.633,-18.46925
3545,9.648,-18.54875
3550,9.663,-18.577
3555,9.678,-18.6795
3560,9.692,-18.6575
3565,9.707,-18.703
3570,9.722,-18.6825
3575,9.737,-18.68075
3580,9.752,-18.6185
3585,9.766,-18.6355
3590,9.781,-18.546
3595,9.796,-18.5125
3600,9.81,-18.48825
3605,9.825,-18.40725
3610,9.839,-18.4055
3615,9.854,-18.37775
3620,9.868,-18.36075
3625,9.882,-18.33875
3630,9.897,-18.2795
3635,9.911,-18.3085
3640,9.925,-18.3075
3645,9.94,-18.28425
3650,9.954,-18.31825
3655,9.968,-18.36175
3660,9.982,-18.381
3665,9.996,-18.461
3670,10.01,-18.52825
3675,10.024,-18.584
3680,10.038,-18.65575
3685,10.052,-18.7075
3690,10.066,-18.79175
3695,10.08,-18.9115
3700,10.094,-18.92075
3705,10.107,-19.026
3710,10.121,-19.081
3715,10.135,-19.11075
3720,10.148,-19.13875
3725,10.162,-19.15425
3730,10.176,-19.1635
3735,10.189,-19.14425
3740,10.203,-19.14225
3745,10.216,-19.11475
3750,10.229,-19.05875
3755,10.243,-19.04625
3760,10.256,-18.96625
3765,10.269,-18.91325
3770,10.283,-18.89175
3775,10.296,-18.8225
3780,10.309,-18.7865
3785,10.322,-18.77675
3790,10.335,-18.80675
3795,10.348,-18.7855
3800,10.361,-18.7935
3805,10.374,-18.855
3810,10.387,-18.932
3815,10.4,-18.97625
3820,10.412,-19.08275
3825,10.425,-19.194
3830,10.438,-19.27175
3835,10.451,-19.39625
3840,10.463,-19.58225
3845,10.476,-19.708
3850,10.488,-19.828
3855,10.501,-19.8945
3860,10.513,-20.0295
3865,10.526,-20.17925
3870,10.538,-20.305
3875,10.55,-20.366
3880,10.563,-20.4385
3885,10.575,-20.5115
3890,10.587,-20.573
3895,10.599,-20.50825
3900,10.611,-20.50025
3905,10.623,-20.48275
3910,10.635,-20.44425
3915,10.647,-20.38675
3920,10.659,-20.303
3925,10.671,-20.25525
3930,10.683,-20.12875
3935,10.694,-20.13875
3940,10.706,-20.068
3945,10.718,-19.948
3950,10.729,-19.95275
3955,10.741,-19.866
3960,10.753,-19.864
3965,10.764,-19.8605
3970,10.775,-19.86875
3975,10.787,-19.89525
3980,10.798,-19.9265
3985,10.81,-20.042
3990,10.821,-20.0365
3995,10.832,-20.18125
4000,10.843,-20.20175
4005,10.854,-20.29725
4010,10.865,-20.34
4015,10.876,-20.46425
4020,10.887,-20.53925
4025,10.898,-20.622
4030,10.909,-20.651
4035,10.92,-20.72825
4040,10.931,-20.748
4045,10.941,-20.7165
4050,10.952,-20.70825
4055,10.963,-20.6775
4060,10.973,-20.6385
4065,10.984,-20.572
4070,10.994,-20.46975
4075,11.005,-20.44775
4080,11.015,-20.382
4085,11.025,-20.36175
4090,11.036,-20.26175
4095,11.046,-20.24375
4100,11.056,-20.21325
4105,11.066,-20.22125
4110,11.076,-20.179
4115,11.086,-20.23325
4120,11.096,-20.2335
4125,11.106,-20.337
4130,11.116,-20.3755
4135,11.126,-20.50025
4140,11.136,-20.5965
4145,11.145,-20.739
4150,11.155,-20.89275
4155,11.165,-21.01775
4160,11.174,-21.185
4165,11.184,-21.32275
4170,11.193,-21.43225
4175,11.203,-21.55575
4180,11.212,-21.60775
4185,11.221,-21.69275
4190,11.23,-21.769
4195,11.24,-21.70075
4200,11.249,-21.754
4205,11.258,-21.68825
4210,11.267,-21.66525
4215,11.276,-21.5835
4220,11.285,-21.57325
4225,11.294,-21.466
4230,11.303,-21.3725
4235,11.311,-21.226
4240,11.32,-21.19525
4245,11.329,-21.1465
4250,11.338,-21.07425
4255,11.346,-21.01725
4260,11.355,-21.02475
4265,11.363,-20.94675
4270,11.372,-20.98575
4275,11.38,-20.96725
4280,11.388,-21.0815
4285,11.397,-21.1005
4290,11.405,-21.1805
4295,11.413,-21.23075
4300,11.421,-21.3145
4305,11.429,-21.37625
4310,11.437,-21.51575
4315,11.445,-21.5885
4320,11.453,-21.662
4325,11.461,-21.7005
4330,11.468,-21.76725
4335,11.476,-21.7965
4340,11.484,-21.7765
4345,11.492,-21.77
4350,11.499,-21.754
4355,11.507,-21.67725
4360,11.514,-21.57075
4365,11.521,-21.50275
4370,11.529,-21.387
4375,11.536,-21.25975
4380,11.543,-21.2275
4385,11.551,-21.13425
4390,11.558,-21.12975
4395,11.565,-21.02875
4400,11.572,-21.033
4405,11.579,-21.0685
4410,11.586,-21.08275
4415,11.592,-21.15325
4420,11.599,-21.2375
4425,11.606,-21.3765
4430,11.613,-21.46475
4435,11.619,-21.65125
4440,11.626,-21.71825
4445,11.632,-21.86925
4450,11.639,-22.008
4455,11.645,-22.18575
4460,11.652,-22.2925
4465,11.658,-22.48275
4470,11.664,-22.5375
4475,11.67,-22.62
4480,11.677,-22.76525
4485,11.683,-22.71975
4490,11.689,-22.77
4495,11.695,-22.6915
4500,11.701,-22.6575
4505,11.706,-22.57075
4510,11.712,-22.455
4515,11.718,-22.36325
4520,11.724,-22.254
4525,11.729,-22.1355
4530,11.735,-21.9965
4535,11.74,-21.961
4540,11.746,-21.83675
4545,11.751,-21.8215
4550,11.757,-21.79725
4555,11.762,-21.7915
4560,11.767,-21.74175
4565,11.772,-21.816
4570,11.777,-21.81325
4575,11.782,-21.9875
4580,11.787,-22.052
4585,11.792,-22.07525
4590,11.797,-22.22475
4595,11.802,-22.2675
4600,11.807,-22.33475
4605,11.812,-22.4165
4610,11.816,-22.5075
4615,11.821,-22.53
4620,11.825,-22.55775
4625,11.83,-22.57375
4630,11.834,-22.565
4635,11.839,-22.5275
4640,11.843,-22.46325
4645,11.847,-22.36775
4650,11.851,-22.27025
4655,11.856,-22.2455
4660,11.86,-22.09525
4665,11.864,-22.02325
4670,11.868,-21.979
4675,11.872,-21.92075
4680,11.875,-21.85025
4685,11.879,-21.85375
4690,11.883,-21.87825
4695,11.887,-21.89575
4700,11.89,-21.93375
4705,11.894,-21.99325
4710,11.897,-22.1695
4715,11.901,-22.21575
4720,11.904,-22.40975
4725,11.907,-22.50125
4730,11.911,-22.71625
4735,11.914,-22.9315
4740,11.917,-23.05825
4745,11.92,-23.15925
4750,11.923,-23.283
4755,11.926,-23.3305
4760,11.929,-23.33725
4765,11.932,-23.374
4770,11.935,-23.373
4775,11.937,-23.329
4780,11.94,-23.275
4785,11.943,-23.2325
4790,11.945,-23.10025
4795,11.948,-23.0095
4800,11.95,-22.94475
4805,11.953,-22.7805
4810,11.955,-22.72975
4815,11.957,-22.62775
4820,11.96,-22.567
4825,11.962,-22.48475
4830,11.964,-22.45975
4835,11.966,-22.46125
4840,11.968,-22.46
4845,11.97,-22.4905
4850,11.972,-22.50875
4855,11.973,-22.60075
4860,11.975,-22.65025
4865,11.977,-22.7935
4870,11.978,-22.846
4875,11.98,-23.0045
4880,11.982,-23.028
4885,11.983,-23.09
4890,11.984,-23.12825
4895,11.986,-23.212
4900,11.987,-23.155
4905,11.988,-23.1735
4910,11.989,-23.10025
4915,11.99,-23.0215
4920,11.991,-22.9525
4925,11.992,-22.8785
4930,11.993,-22.737
4935,11.994,-22.64775
4940,11.995,-22.5705
4945,11.996,-22.53575
4950,11.996,-22.40125
4955,11.997,-22.39575
4960,11.998,-22.32925
4965,11.998,-22.361
4970,11.999,-22.34925
4975,11.999,-22.472
4980,11.999,-22.499
4985,12,-22.61025
4990,12,-22.763
4995,12,-22.89525
5000,12,-23.03775
5005,12,-23.185
5010,12,-23.31425
5015,12,-23.49375
5020,12,-23.58925
5025,12,-23.74025
5030,11.999,-23.889
5035,11.999,-23.8205
5040,11.999,-23.9215
5045,11.998,-23.8495
5050,11.998,-23.874
5055,11.997,-23.7985
5060,11.996,-23.70825
5065,11.996,-23.59125
5070,11.995,-23.44525
5075,11.994,-23.29075
5080,11.993,-23.1775
5085,11.992,-23.06625
5090,11.991,-22.95825
5095,11.99,-22.899
5100,11.989,-22.8085
5105,11.988,-22.76525
5110,11.987,-22.78075
5115,11.986,-22.834
5120,11.984,-22.84225
5125,11.983,-22.847
5130,11.981,-22.9605
5135,11.98,-22.96825
5140,11.978,-23.10875
5145,11.977,-23.15975
5150,11.975,-23.25875
5155,11.973,-23.28025
5160,11.972,-23.3875
5165,11.97,-23.40375
5170,11.968,-23.47175
5175,11.966,-23.41775
5180,11.964,-23.41175
5185,11.962,-23.35
5190,11.959,-23.25175
5195,11.957,-23.22525
5200,11.955,-23.078
5205,11.953,-23.029
5210,11.95,-22.84675
5215,11.948,-22.8105
5220,11.945,-22.70825
5225,11.943,-22.65575
5230,11.94,-22.62375
5235,11.937,-22.57925
5240,11.935,-22.577
5245,11.932,-22.6085
5250,11.929,-22.72475
5255,11.926,-22.8005
5260,11.923,-22.868
5265,11.92,-23.05075
5270,11.917,-23.14975
5275,11.914,-23.344
5280,11.911,-23.45075
5285,11.907,-23.66075
5290,11.904,-23.69725
5295,11.901,-23.8865
5300,11.897,-23.872
5305,11.894,-23.9255
5310,11.89,-23.91925
5315,11.886,-24.00525
5320,11.883,-23.89725
5325,11.879,-23.821
5330,11.875,-23.71525
5335,11.871,-23.65675
5340,11.868,-23.52025
5345,11.864,-23.4125
5350,11.86,-23.29975
5355,11.855,-23.16225
5360,11.851,-23.125
5365,11.847,-22.97175
5370,11.843,-22.93775
5375,11.839,-22.91225
5380,11.834,-22.8605
5385,11.83,-22.8515
5390,11.825,-22.941
5395,11.821,-22.90225
5400,11.816,-22.93325
5405,11.811,-23.03875
5410,11.807,-23.11025
5415,11.802,-23.16625
5420,11.797,-23.31675
5425,11.792,-23.3725
5430,11.787,-23.3905
5435,11.782,-23.4315
5440,11.777,-23.437
5445,11.772,-23.419
5450,11.767,-23.411
5455,11.762,-23.30225
5460,11.756,-23.247
5465,11.751,-23.063
5470,11.746,-23.05775
5475,11.74,-22.904
5480,11.735,-22.83725
5485,11.729,-22.693
5490,11.723,-22.693
5495,11.718,-22.58275
5500,11.712,-22.504
5505,11.706,-22.51125
5510,11.7,-22.52
5515,11.694,-22.5255
5520,11.689,-22.62
5525,11.682,-22.6725
5530,11.676,-22.74425
5535,11.67,-22.84
5540,11.664,-22.95375
5545,11.658,-23.11025
5550,11.652,-23.22725
5555,11.645,-23.3165
5560,11.639,-23.536
5565,11.632,-23.55425
5570,11.626,-23.699
5575,11.619,-23.78675
5580,11.613,-23.82475
5585,11.606,-23.80525
5590,11.599,-23.76775
5595,11.592,-23.70675
5600,11.585,-23.628
5605,11.579,-23.50225
5610,11.572,-23.41
5615,11.565,-23.25875
5620,11.557,-23.14475
5625,11.55,-23.014
5630,11.543,-22.8845
5635,11.536,-22.8185
5640,11.529,-22.72175
5645,11.521,-22.6475
5650,11.514,-22.6235
5655,11.506,-22.605
5660,11.499,-22.60075
5665,11.491,-22.57875
5670,11.484,-22.68525
5675,11.476,-22.67775
5680,11.468,-22.70575
5685,11.461,-22.785
5690,11.453,-22.85375
5695,11.445,-22.88975
5700,11.437,-22.96075
5705,11.429,-22.95075
5710,11.421,-23.028
5715,11.413,-22.96
5720,11.405,-22.99275
5725,11.396,-22.9755
5730,11.388,-22.90675
5735,11.38,-22.87775
5740,11.371,-22.7245
5745,11.363,-22.69875
5750,11.354,-22.5995
5755,11.346,-22.45075
5760,11.337,-22.37025
5765,11.329,-22.26825
5770,11.32,-22.229
5775,11.311,-22.11125
5780,11.302,-22.16775
5785,11.294,-22.10825
5790,11.285,-22.17825
5795,11.276,-22.16975
5800,11.267,-22.237
5805,11.258,-22.3035
5810,11.249,-22.4305
5815,11.239,-22.50725
5820,11.23,-22.65925
5825,11.221,-22.73725
5830,11.212,-22.86525
5835,11.202,-22.9635
5840,11.193,-23.04475
5845,11.183,-23.14825
5850,11.174,-23.17475
5855,11.164,-23.21775
5860,11.155,-23.189
5865,11.145,-23.16275
5870,11.135,-23.11125
5875,11.125,-23.054
5880,11.116,-22.95175
5885,11.106,-22.907
5890,11.096,-22.717
5895,11.086,-22.6395
5900,11.076,-22.48325
5905,11.066,-22.399
5910,11.056,-22.309
5915,11.045,-22.20025
5920,11.035,-22.16275
5925,11.025,-22.057
5930,11.015,-22.022
5935,11.004,-22.02825
5940,10.994,-22.03325
5945,10.983,-22.05025
5950,10.973,-22.02125
5955,10.962,-22.151
5960,10.952,-22.083
5965,10.941,-22.20075
5970,10.93,-22.2435
5975,10.92,-22.30625
5980,10.909,-22.346
5985,10.898,-22.37575
5990,10.887,-22.37775
5995,10.876,-22.4265
6000,10.865,-22.41625
6005,10.854,-22.30925
6010,10.843,-22.24025
6015,10.832,-22.12875
6020,10.82,-22.06925
6025,10.809,-21.95125
6030,10.798,-21.87525
6035,10.787,-21.797
6040,10.775,-21.683
6045,10.764,-21.57975
6050,10.752,-21.561
6055,10.741,-21.51375
6060,10.729,-21.40125
6065,10.718,-21.452
6070,10.706,-21.42625
6075,10.694,-21.45325
6080,10.682,-21.47675
6085,10.671,-21.566
6090,10.659,-21.5915
6095,10.647,-21.71325
6100,10.635,-21.74325
6105,10.623,-21.8665
6110,10.611,-21.9935
6115,10.599,-22.06475
6120,10.587,-22.15275
6125,10.574,-22.25325
6130,10.562,-22.3675
6135,10.55,-22.35425
6140,10.538,-22.4005
6145,10.525,-22.44275
6150,10.513,-22.3945
6155,10.5,-22.31525
6160,10.488,-22.23425
6165,10.475,-22.197
6170,10.463,-22.056
6175,10.45,-21.9695
6180,10.438,-21.857
6185,10.425,-21.733
6190,10.412,-21.62625
6195,10.399,-21.524
6200,10.386,-21.45025
6205,10.374,-21.33475
6210,10.361,-21.31325
6215,10.348,-21.24325
6220,10.335,-21.247
6225,10.322,-21.20575
6230,10.309,-21.19625
6235,10.295,-21.13925
6240,10.282,-21.24525
6245,10.269,-21.23825
6250,10.256,-21.29575
6255,10.242,-21.3365
6260,10.229,-21.31325
6265,10.216,-21.34725
6270,10.202,-21.37775
6275,10.189,-21.4695
6280,10.175,-21.34975
6285,10.162,-21.44225
6290,10.148,-21.3635
6295,10.134,-21.36925
6300,10.121,-21.30425
6305,10.107,-21.26975
6310,10.093,-21.16925
6315,10.079,-21.104
6320,10.066,-21.01075
6325,10.052,-20.8865
6330,10.038,-20.78175
6335,10.024,-20.74725
6340,10.01,-20.69925
6345,9.996,-20.608
6350,9.982,-20.53125
6355,9.968,-20.564
6360,9.953,-20.55625
6365,9.939,-20.541
6370,9.925,-20.50475
6375,9.911,-20.6205
6380,9.896,-20.60625
6385,9.882,-20.717
6390,9.868,-20.752
6395,9.853,-20.8415
6400,9.839,-20.87025
6405,9.824,-21.02225
6410,9.81,-21.056
6415,9.795,-21.165
6420,9.781,-21.18225
6425,9.766,-21.28975
6430,9.751,-21.29475
6435,9.736,-21.27
6440,9.722,-21.2975
6445,9.707,-21.275
6450,9.692,-21.21925
6455,9.677,-21.18575
6460,9.662,-21.11525
6465,9.647,-21.0195
6470,9.632,-20.93625
6475,9.617,-20.84375
6480,9.602,-20.736
6485,9.587,-20.6225
6490,9.572,-20.503
6495,9.557,-20.434
6500,9.542,-20.38
6505,9.526,-20.2235
6510,9.511,-20.21175
6515,9.496,-20.12325
6520,9.48,-20.1155
6525,9.465,-20.03125
6530,9.45,-20.039
6535,9.434,-20.0195
6540,9.419,-20.03975
6545,9.403,-20.00875
6550,9.388,-20.09625
6555,9.372,-20.10225
6560,9.357,-20.18925
6565,9.341,-20.19525
6570,9.325,-20.18775
6575,9.31,-20.21725
6580,9.294,-20.21725
6585,9.278,-20.218
6590,9.262,-20.20125
6595,9.246,-20.2115
6600,9.231,-20.07075
6605,9.215,-20.02625
6610,9.199,-19.95425
6615,9.183,-19.8785
6620,9.167,-19.8575
6625,9.151,-19.79125
6630,9.135,-19.665
6635,9.119,-19.61475
6640,9.102,-19.53075
6645,9.086,-19.43275
6650,9.07,-19.34975
6655,9.054,-19.334
6660,9.038,-19.2725
6665,9.021,-19.22025
6670,9.005,-19.21825
6675,8.989,-19.24975
6680,8.972,-19.179
6685,8.956,-19.221
6690,8.94,-19.21375
6695,8.923,-19.269
6700,8.907,-19.2925
6705,8.89,-19.35325
6710,8.874,-19.37
6715,8.857,-19.497
6720,8.84,-19.4665
6725,8.824,-19.59325
6730,8.807,-19.62625
6735,8.791,-19.70225
6740,8.774,-19.74
6745,8.757,-19.7315
6750,8.74,-19.72125
6755,8.724,-19.7415
6760,8.707,-19.7425
6765,8.69,-19.71125
6770,8.673,-19.6645
6775,8.656,-19.5915
6780,8.639,-19.55
6785,8.622,-19.452
6790,8.605,-19.35525
6795,8.588,-19.3075
6800,8.571,-19.164
6805,8.554,-19.123
6810,8.537,-19.029
6815,8.52,-18.9175
6820,8.503,-18.825
6825,8.486,-18.79175
6830,8.469,-18.6925
6835,8.452,-18.67625
6840,8.434,-18.6085
6845,8.417,-18.569
6850,8.4,-18.5365
6855,8.383,-18.504
6860,8.365,-18.49125
6865,8.348,-18.46575
6870,8.331,-18.46225
6875,8.313,-18.45975
6880,8.296,-18.50575
6885,8.278,-18.51675
6890,8.261,-18.529
6895,8.243,-18.50975
6900,8.226,-18.49725
6905,8.208,-18.509
6910,8.191,-18.48075
6915,8.173,-18.48475
6920,8.156,-18.476
6925,8.138,-18.4495
6930,8.12,-18.3635
6935,8.103,-18.37325
6940,8.085,-18.32425
6945,8.067,-18.26675
6950,8.05,-18.161
6955,8.032,-18.0855
6960,8.014,-18.07025
6965,7.997,-17.96875
6970,7.979,-17.9355
6975,7.961,-17.86675
6980,7.943,-17.818
6985,7.925,-17.72425
6990,7.907,-17.715
6995,7.89,-17.64
7000,7.872,-17.63425
7005,7.854,-17.60575
7010,7.836,-17.61925
7015,7.818,-17.59875
7020,7.8,-17.6165
7025,7.782,-17.6215
7030,7.764,-17.6675
7035,7.746,-17.6835
7040,7.728,-17.67275
7045,7.71,-17.74925
7050,7.692,-17.76825
7055,7.674,-17.80875
7060,7.655,-17.88675
7065,7.637,-17.89775
7070,7.619,-17.9535
7075,7.601,-17.96125
7080,7.583,-17.99225
7085,7.565,-18.00175
7090,7.546,-17.99075
7095,7.528,-17.97975
7100,7.51,-17.982
7105,7.492,-17.9975
7110,7.473,-17.8725
7115,7.455,-17.889
7120,7.437,-17.7735
7125,7.419,-17.76375
7130,7.4,-17.63825
7135,7.382,-17.59425
7140,7.364,-17.529
7145,7.345,-17.476
7150,7.327,-17.376
7155,7.308,-17.308
7160,7.29,-17.25
7165,7.272,-17.11725
7170,7.253,-17.09825
7175,7.235,-17.02575
7180,7.216,-16.923
7185,7.198,-16.90575
7190,7.179,-16.82175
7195,7.161,-16.766
7200,7.142,-16.746
7205,7.124,-16.746
7210,7.105,-16.6845
7215,7.087,-16.68275
7220,7.068,-16.66525
7225,7.05,-16.64075
7230,7.031,-16.6725
7235,7.013,-16.64525
7240,6.994,-16.6395
7245,6.975,-16.63025
7250,6.957,-16.64875
7255,6.938,-16.62275
7260,6.92,-16.656
7265,6.901,-16.61775
7270,6.882,-16.65425
7275,6.864,-16.579
7280,6.845,-16.57275
7285,6.826,-16.52075
7290,6.808,-16.508
7295,6.789,-16.43825
7300,6.77,-16.40025
7305,6.752,-16.329
7310,6.733,-16.2995
7315,6.714,-16.2535
7320,6.695,-16.19225
7325,6.677,-16.10375
7330,6.658,-16.07075
7335,6.639,-16.00875
7340,6.62,-15.9695
7345,6.602,-15.87125
7350,6.583,-15.84
7355,6.564,-15.7615
7360,6.545,-15.721
7365,6.527,-15.715
7370,6.508,-15.6905
7375,6.489,-15.6435
7380,6.47,-15.62125
7385,6.452,-15.602
7390,6.433,-15.57525
7395,6.414,-15.5905
7400,6.395,-15.56175
7405,6.376,-15.5555
7410,6.357,-15.5665
7415,6.339,-15.5875
7420,6.32,-15.56875
7425,6.301,-15.66825
7430,6.282,-15.625
7435,6.263,-15.64725
7440,6.245,-15.6625
7445,6.226,-15.67125
7450,6.207,-15.68925
7455,6.188,-15.7555
7460,6.169,-15.73475
7465,6.15,-15.7195
7470,6.131,-15.6715
7475,6.113,-15.7315
7480,6.094,-15.73525
7485,6.075,-15.70025
7490,6.056,-15.67
7495,6.037,-15.65825
7500,6.018,-15.5795
7505,6,-15.56175
7510,5.981,-15.5345
7515,5.962,-15.49625
7520,5.943,-15.416
7525,5.924,-15.40125
7530,5.905,-15.28425
7535,5.886,-15.2645
7540,5.868,-15.1775
7545,5.849,-15.1805
7550,5.83,-15.103
7555,5.811,-15.04975
7560,5.792,-14.93875
7565,5.773,-14.92925
7570,5.755,-14.85675
7575,5.736,-14.808
7580,5.717,-14.7865
7585,5.698,-14.7425
7590,5.679,-14.70475
7595,5.66,-14.68325
7600,5.642,-14.66125
7605,5.623,-14.6115
7610,5.604,-14.58625
7615,5.585,-14.5715
7620,5.566,-14.541
7625,5.548,-14.509
7630,5.529,-14.509
7635,5.51,-14.49025
7640,5.491,-14.49825
7645,5.472,-14.46525
7650,5.454,-14.4475
7655,5.435,-14.44225
7660,5.416,-14.41775
7665,5.397,-14.41
7670,5.379,-14.39825
7675,5.36,-14.357
7680,5.341,-14.30625
7685,5.322,-14.32475
7690,5.304,-14.301
7695,5.285,-14.226
7700,5.266,-14.1755
7705,5.248,-14.13075
7710,5.229,-14.1395
7715,5.21,-14.0285
7720,5.191,-13.98325
7725,5.173,-13.91625
7730,5.154,-13.91075
7735,5.135,-13.83475
7740,5.117,-13.7825
7745,5.098,-13.76725
7750,5.08,-13.704
7755,5.061,-13.687
7760,5.042,-13.62025
7765,5.024,-13.596
7770,5.005,-13.532
7775,4.987,-13.51225
7780,4.968,-13.49625
7785,4.949,-13.49775
7790,4.931,-13.42325
7795,4.912,-13.4255
7800,4.894,-13.36575
7805,4.875,-13.33925
7810,4.857,-13.28575
7815,4.838,-13.334
7820,4.82,-13.28025
7825,4.801,-13.31075
7830,4.783,-13.28275
7835,4.764,-13.247
7840,4.746,-13.2475
7845,4.727,-13.3065
7850,4.709,-13.246
7855,4.691,-13.22125
7860,4.672,-13.25825
7865,4.654,-13.2295
7870,4.636,-13.20425
7875,4.617,-13.19625
7880,4.599,-13.2175
7885,4.581,-13.22925
7890,4.562,-13.225
7895,4.544,-13.1845
7900,4.526,-13.19425
7905,4.507,-13.17525
7910,4.489,-13.1575
7915,4.471,-13.12025
7920,4.453,-13.0985
7925,4.434,-13.09825
7930,4.416,-13.05825
7935,4.398,-13.04675
7940,4.38,-12.972
7945,4.362,-12.987
7950,4.344,-12.9035
7955,4.326,-12.889
7960,4.307,-12.837
7965,4.289,-12.7535
7970,4.271,-12.7415
7975,4.253,-12.67125
7980,4.235,-12.64225
7985,4.217,-12.5465
7990,4.199,-12.5335
7995,4.181,-12.4985
8000,4.163,-12.46875
8005,4.145,-12.38725
8010,4.127,-12.37975
8015,4.11,-12.28025
8020,4.092,-12.2535
8025,4.074,-12.187
8030,4.056,-12.1595
8035,4.038,-12.1345
8040,4.02,-12.09225
8045,4.003,-12.07875
8050,3.985,-12.03075
8055,3.967,-11.989
8060,3.949,-11.944
8065,3.932,-11.93725
8070,3.914,-11.893
8075,3.896,-11.8705
8080,3.879,-11.8415
8085,3.861,-11.79175
8090,3.843,-11.7585
8095,3.826,-11.76225
8100,3.808,-11.7415
8105,3.791,-11.714
8110,3.773,-11.7085
8115,3.756,-11.69225
8120,3.738,-11.6825
8125,3.721,-11.6805
8130,3.703,-11.68275
8135,3.686,-11.64275
8140,3.669,-11.61775
8145,3.651,-11.62825
8150,3.634,-11.571
8155,3.617,-11.55375
8160,3.599,-11.554
8165,3.582,-11.55775
8170,3.565,-11.49975
8175,3.548,-11.4965
8180,3.53,-11.46325
8185,3.513,-11.44225
8190,3.496,-11.41775
8195,3.479,-11.34575
8200,3.462,-11.315
8205,3.445,-11.3425
8210,3.428,-11.27075
8215,3.411,-11.23325
8220,3.394,-11.1955
8225,3.377,-11.166
8230,3.36,-11.1215
8235,3.343,-11.1155
8240,3.326,-11.035
8245,3.309,-10.9755
8250,3.292,-10.99125
8255,3.276,-10.96475
8260,3.259,-10.92075
8265,3.242,-10.926
8270,3.225,-10.85075
8275,3.209,-10.86025
8280,3.192,-10.7905
8285,3.175,-10.78025
8290,3.159,-10.76275
8295,3.142,-10.73625
8300,3.126,-10.7055
8305,3.109,-10.67775
8310,3.093,-10.67
8315,3.076,-10.63275
8320,3.06,-10.62475
8325,3.043,-10.5715
8330,3.027,-10.54975
8335,3.01,-10.532
8340,2.994,-10.5005
8345,2.978,-10.48625
8350,2.962,-10.45925
8355,2.945,-10.42925
8360,2.929,-10.431
8365,2.913,-10.37075
8370,2.897,-10.34975
8375,2.881,-10.3385
8380,2.865,-10.3195
8385,2.848,-10.3085
8390,2.832,-10.31725
8395,2.816,-10.24275
8400,2.801,-10.24325
8405,2.785,-10.23825
8410,2.769,-10.19825
8415,2.753,-10.1385
8420,2.737,-10.1335
8425,2.721,-10.10275
8430,2.705,-10.075
8435,2.69,-10.06975
8440,2.674,-10.0515
8445,2.658,-10.06525
8450,2.643,-10.017
8455,2.627,-9.95775
8460,2.611,-9.93125
8465,2.596,-9.874
8470,2.58,-9.88375
8475,2.565,-9.86675
8480,2.55,-9.785
8485,2.534,-9.78825
8490,2.519,-9.73
8495,2.503,-9.6655
8500,2.488,-9.66325
8505,2.473,-9.6
8510,2.458,-9.57175
8515,2.442,-9.538
8520,2.427,-9.45625
8525,2.412,-9.46725
8530,2.397,-9.4245
8535,2.382,-9.35775
8540,2.367,-9.3085
8545,2.352,-9.2625
8550,2.337,-9.2545
8555,2.322,-9.209
8560,2.307,-9.1735
8565,2.292,-9.1415
8570,2.278,-9.06975
8575,2.263,-9.0475
8580,2.248,-9.01575
8585,2.233,-8.983
8590,2.219,-8.931
8595,2.204,-8.89
8600,2.19,-8.88775
8605,2.175,-8.82725
8610,2.161,-8.79725
8615,2.146,-8.7985
8620,2.132,-8.72825
8625,2.117,-8.724
8630,2.103,-8.6725
8635,2.089,-8.66075
8640,2.074,-8.6245
8645,2.06,-8.59125
8650,2.046,-8.558
8655,2.032,-8.54875
8660,2.018,-8.48475
8665,2.004,-8.4745
8670,1.989,-8.4355
8675,1.975,-8.4345
8680,1.962,-8.418
8685,1.948,-8.39025
8690,1.934,-8.36725
8695,1.92,-8.349
8700,1.906,-8.301
8705,1.892,-8.31375
8710,1.879,-8.26375
8715,1.865,-8.24725
8720,1.851,-8.21375
8725,1.838,-8.20925
8730,1.824,-8.1935
8735,1.811,-8.15425
8740,1.797,-8.133
8745,1.784,-8.1545
8750,1.77,-8.10275
8755,1.757,-8.078
8760,1.744,-8.081
8765,1.73,-8.04375
8770,1.717,-8.06325
8775,1.704,-8.01675
8780,1.691,-8.01725
8785,1.678,-7.932
8790,1.665,-7.95125
8795,1.652,-7.90575
8800,1.639,-7.89825
8805,1.626,-7.887
8810,1.613,-7.837
8815,1.6,-7.8195
8820,1.587,-7.769
8825,1.575,-7.7755
8830,1.562,-7.7585
8835,1.549,-7.71825
8840,1.537,-7.66
8845,1.524,-7.62725
8850,1.511,-7.593
8855,1.499,-7.55625
8860,1.487,-7.50275
8865,1.474,-7.4675
8870,1.462,-7.39875
8875,1.449,-7.39525
8880,1.437,-7.363
8885,1.425,-7.319
8890,1.413,-7.269
8895,1.401,-7.21125
8900,1.389,-7.15575
8905,1.377,-7.103
8910,1.365,-7.0485
8915,1.353,-7.03075
8920,1.341,-6.96125
8925,1.329,-6.9465
8930,1.317,-6.873
8935,1.305,-6.838
8940,1.294,-6.77425
8945,1.282,-6.73075
8950,1.27,-6.6695
8955,1.259,-6.6445
8960,1.247,-6.6305
8965,1.236,-6.54775
8970,1.224,-6.502
8975,1.213,-6.4565
8980,1.202,-6.40925
8985,1.19,-6.36325
8990,1.179,-6.3015
8995,1.168,-6.309
9000,1.157,-6.25475
9005,1.146,-6.1805
9010,1.134,-6.12975
9015,1.123,-6.13225
9020,1.113,-6.0625
9025,1.102,-6.0535
9030,1.091,-5.95925
9035,1.08,-5.95375
9040,1.069,-5.89775
9045,1.058,-5.841
9050,1.048,-5.81775
9055,1.037,-5.7925
9060,1.027,-5.73975
9065,1.016,-5.6935
9070,1.006,-5.70375
9075,0.995,-5.61725
9080,0.985,-5.607
9085,0.975,-5.55725
9090,0.964,-5.52525
9095,0.954,-5.45875
9100,0.944,-5.45825
9105,0.934,-5.43225
9110,0.924,-5.3865
9115,0.914,-5.34775
9120,0.904,-5.31375
9125,0.894,-5.2625
9130,0.884,-5.21725
9135,0.874,-5.19875
9140,0.864,-5.171
9145,0.855,-5.15225
9150,0.845,-5.102
9155,0.835,-5.04125
9160,0.826,-5.02925
9165,0.816,-5.00725
9170,0.807,-4.9615
9175,0.797,-4.9305
9180,0.788,-4.91425
9185,0.779,-4.844
9190,0.769,-4.84125
9195,0.76,-4.8005
9200,0.751,-4.74325
9205,0.742,-4.7325
9210,0.733,-4.73775
9215,0.724,-4.68725
9220,0.715,-4.65125
9225,0.706,-4.6775
9230,0.697,-4.6415
9235,0.688,-4.63
9240,0.68,-4.5985
9245,0.671,-4.59025
9250,0.662,-4.58775
9255,0.654,-4.584
9260,0.645,-4.56275
9265,0.637,-4.5405
9270,0.628,-4.5055
9275,0.62,-4.4995
9280,0.612,-4.481
9285,0.603,-4.44675
9290,0.595,-4.43975
9295,0.587,-4.38875
9300,0.579,-4.38325
9305,0.571,-4.3485
9310,0.563,-4.286
9315,0.555,-4.245
9320,0.547,-4.2405
9325,0.539,-4.1855
9330,0.531,-4.1205
9335,0.524,-4.103
9340,0.516,-4.04825
9345,0.508,-3.972
9350,0.501,-3.9235
9355,0.493,-3.906
9360,0.486,-3.835
9365,0.478,-3.79325
9370,0.471,-3.74825
9375,0.464,-3.69625
9380,0.456,-3.62775
9385,0.449,-3.59375
9390,0.442,-3.52525
9395,0.435,-3.43875
9400,0.428,-3.41225
9405,0.421,-3.358
9410,0.414,-3.31975
9415,0.407,-3.24
9420,0.401,-3.16475
9425,0.394,-3.113
9430,0.387,-3.0745
9435,0.38,-2.9955
9440,0.374,-2.91475
9445,0.367,-2.8675
9450,0.361,-2.81575
9455,0.354,-2.73975
9460,0.348,-2.6905
9465,0.342,-2.646
9470,0.336,-2.5725
9475,0.329,-2.517
9480,0.323,-2.4475
9485,0.317,-2.37375
9490,0.311,-2.3195
9495,0.305,-2.26525
9500,0.299,-2.205
9505,0.293,-2.138
9510,0.288,-2.10325
9515,0.282,-2.02875
9520,0.276,-1.967
9525,0.271,-1.88175
9530,0.265,-1.82225
9535,0.26,-1.761
9540,0.254,-1.686
9545,0.249,-1.644
9550,0.243,-1.59875
9555,0.238,-1.548
9560,0.233,-1.48425
9565,0.228,-1.40425
9570,0.223,-1.358
9575,0.217,-1.287
9580,0.212,-1.20525
9585,0.208,-1.16
9590,0.203,-1.1185
9595,0.198,-1.054
9600,0.193,-0.98425
9605,0.188,-0.8955
9610,0.184,-0.836
9615,0.179,-0.776
9620,0.175,-0.76275
9625,0.17,-0.6835
9630,0.166,-0.639
9635,0.161,-0.593
9640,0.157,-0.53075
9645,0.153,-0.447
9650,0.148,-0.3985
9655,0.144,-0.366
9660,0.14,-0.33
9665,0.136,-0.302
9670,0.132,-0.26075
9675,0.128,-0.26075
9680,0.125,-0.202
9685,0.121,-0.18725
9690,0.117,-0.16775
9695,0.113,-0.15075
9700,0.11,-0.12
9705,0.106,-0.1025
9710,0.103,-0.1155
9715,0.099,-0.08125
9720,0.096,-0.05925
9725,0.092,-0.0715
9730,0.089,-0.08025
9735,0.086,-0.056
9740,0.083,-0.0665
9745,0.08,-0.04375
9750,0.077,-0.0625
9755,0.074,-0.04875
9760,0.071,-0.02775
9765,0.068,-0.0265
9770,0.065,-0.04
9775,0.062,-0.03525
9780,0.06,-0.031
9785,0.057,-0.0205
9790,0.055,-0.01825
9795,0.052,-0.00775
9800,0.05,0.014
9805,0.047,-0.004
9810,0.045,-0.0295
9815,0.043,-0.025
9820,0.04,-0.02175
9825,0.038,-0.0185
9830,0.036,-0.00775
9835,0.034,-0.0235
9840,0.032,-0.02025
9845,0.03,-0.004
9850,0.028,0.02775
9855,0.027,-0.0085
9860,0.025,0.01
9865,0.023,-0.00875
9870,0.022,-0.0165
9875,0.02,-0.036
9880,0.018,-0.0005
9885,0.017,-0.0225
9890,0.016,-0.003
9895,0.014,0.01975
9900,0.013,0.00925
9905,0.012,0.00725
9910,0.011,-0.003
9915,0.01,-0.009
9920,0.009,0.001
9925,0.008,0.0065
9930,0.007,0.01225
9935,0.006,0.00325
9940,0.005,-0.0045
9945,0.004,0.0025
9950,0.004,0.00875
9955,0.003,-0.0145
9960,0.002,-0.0035
9965,0.002,0.01
9970,0.001,0.0325
9975,0.001,-0.01175
9980,0.001,-0.0255
9985,0,-0.0075
9990,0,0.01875
9995,0,0.008
10000,0,-0.003
10005,0,-0.00225
10010,0,-0.00175
10015,0,0.00575
10020,0.001,0.0205
10025,0.002,-0.00525
10030,0.003,-0.01225
10035,0.004,-0.008
10040,0.006,0.015
10045,0.008,-0.0035
10050,0.01,-0.0185
10055,0.012,-0.01475
10060,0.014,0.01225
10065,0.017,0.0075
10070,0.02,-0.00875
10075,0.023,0.00925
10080,0.027,0.00825
10085,0.03,-0.007
10090,0.034,-0.022
10095,0.038,0.01925
10100,0.043,0.007
10105,0.047,-0.001
10110,0.052,-0.00075
10115,0.057,0.0075
10120,0.063,-0.003
10125,0.068,-0.0025
10130,0.074,0.0065
10135,0.08,-0.00425
10140,0.086,0.0205
10145,0.093,-0.001
10150,0.099,-0.0225
10155,0.106,-0.01075
10160,0.113,0.00725
10165,0.121,-0.0295
10170,0.129,-0.01125
10175,0.136,0.0135
10180,0.144,0.02675
10185,0.153,0.007
10190,0.161,-0.016
10195,0.17,0.01725
10200,0.179,-0.00825
10205,0.189,0.00775
10210,0.198,0.01225
10215,0.208,0.0325
10220,0.218,-0.0335
10225,0.228,-0.0205
10230,0.238,-0.0165
10235,0.249,-0.013
10240,0.26,0.02025
10245,0.271,0.001
10250,0.282,-0.0145
10255,0.294,-0.0045
10260,0.305,0.00525
10265,0.317,-0.004
10270,0.33,0.02825
10275,0.342,0.01625
10280,0.355,-0.0095
10285,0.368,-0.00875
10290,0.381,-0.02325
10295,0.394,-0.00375
10300,0.408,0.0115
10305,0.421,0.00725
10310,0.435,0.015
10315,0.45,-0.00325
10320,0.464,-0.0245
10325,0.479,-0.01325
10330,0.493,-0.01775
10335,0.509,-0.00775
10340,0.524,0.0165
10345,0.539,0.0085
10350,0.555,0.0415
10355,0.571,-0.01025
10360,0.587,0.0205
10365,0.604,0.003
10370,0.62,-0.00675
10375,0.637,-0.00525
10380,0.654,-0.019
10385,0.671,0.00875
10390,0.689,-0.00075
10395,0.706,0.01325
10400,0.724,-0.05075
10405,0.742,-0.0125
10410,0.76,-0.0405
10415,0.779,-0.08325
10420,0.798,-0.13
10425,0.816,-0.15475
10430,0.836,-0.17675
10435,0.855,-0.22725
10440,0.874,-0.29875
10445,0.894,-0.34525
10450,0.914,-0.39825
10455,0.934,-0.4435
10460,0.954,-0.48225
10465,0.975,-0.53075
10470,0.996,-0.58725
10475,1.016,-0.61175
10480,1.038,-0.6535
10485,1.059,-0.721
10490,1.08,-0.747
10495,1.102,-0.779
10500,1.124,-0.844
10505,1.146,-0.86725
10510,1.168,-0.8965
10515,1.191,-0.9195
10520,1.213,-0.97125
10525,1.236,-0.98525
10530,1.259,-0.99775
10535,1.282,-1.044
10540,1.306,-1.048
10545,1.329,-1.10975
10550,1.353,-1.11075
10555,1.377,-1.141
10560,1.401,-1.1765
10565,1.425,-1.1905
10570,1.45,-1.233
10575,1.474,-1.25175
10580,1.499,-1.2925
10585,1.524,-1.3045
10590,1.55,-1.3215
10595,1.575,-1.39625
10600,1.6,-1.392
10605,1.626,-1.43875
10610,1.652,-1.4895
10615,1.678,-1.532
10620,1.704,-1.6045
10625,1.731,-1.663
10630,1.757,-1.71325
10635,1.784,-1.80175
10640,1.811,-1.8295
10645,1.838,-1.953
10650,1.865,-2.0145
10655,1.893,-2.13825
10660,1.92,-2.2105
10665,1.948,-2.30075
10670,1.976,-2.42225
10675,2.004,-2.4805
10680,2.032,-2.63575
10685,2.06,-2.75075
10690,2.089,-2.81775
10695,2.118,-2.9595
10700,2.146,-3.0575
10705,2.175,-3.165
10710,2.205,-3.275
10715,2.234,-3.387
10720,2.263,-3.459
10725,2.293,-3.58275
10730,2.323,-3.666
10735,2.352,-3.7515
10740,2.382,-3.8365
10745,2.413,-3.92075
10750,2.443,-3.9955
10755,2.473,-4.096
10760,2.504,-4.13125
10765,2.535,-4.25125
10770,2.565,-4.316
10775,2.596,-4.35
10780,2.627,-4.44075
10785,2.659,-4.48775
10790,2.69,-4.57575
10795,2.722,-4.5965
10800,2.753,-4.64025
10805,2.785,-4.68875
10810,2.817,-4.74025
10815,2.849,-4.78825
10820,2.881,-4.80475
10825,2.913,-4.8735
10830,2.946,-4.922
10835,2.978,-4.96575
10840,3.011,-4.99325
10845,3.044,-5.057
10850,3.076,-5.07975
10855,3.109,-5.11525
10860,3.143,-5.18975
10865,3.176,-5.22425
10870,3.209,-5.27675
10875,3.243,-5.35125
10880,3.276,-5.3845
10885,3.31,-5.451
10890,3.343,-5.49825
10895,3.377,-5.5355
10900,3.411,-5.637
10905,3.445,-5.68425
10910,3.479,-5.72575
10915,3.514,-5.78025
10920,3.548,-5.883
10925,3.583,-5.96625
10930,3.617,-6.02175
10935,3.652,-6.094
10940,3.686,-6.18975
10945,3.721,-6.273
10950,3.756,-6.3475
10955,3.791,-6.46625
10960,3.826,-6.53325
10965,3.862,-6.616
10970,3.897,-6.70575
10975,3.932,-6.80125
10980,3.968,-6.812
10985,4.003,-6.94125
10990,4.039,-7.0815
10995,4.074,-7.13475
11000,4.11,-7.2625
11005,4.146,-7.3285
11010,4.182,-7.4165
11015,4.218,-7.483
11020,4.254,-7.60075
11025,4.29,-7.66025
11030,4.326,-7.75175
11035,4.362,-7.811
11040,4.399,-7.87025
11045,4.435,-7.988
11050,4.471,-8.04575
11055,4.508,-8.11275
11060,4.544,-8.17075
11065,4.581,-8.2525
11070,4.618,-8.31575
11075,4.654,-8.38075
11080,4.691,-8.40125
11085,4.728,-8.518
11090,4.765,-8.5375
11095,4.802,-8.62825
11100,4.839,-8.6865
11105,4.876,-8.706
11110,4.913,-8.76925
11115,4.95,-8.84125
11120,4.987,-8.878
11125,5.024,-8.9115
11130,5.061,-8.978
11135,5.099,-9.02025
11140,5.136,-9.0565
11145,5.173,-9.0965
11150,5.211,-9.16175
11155,5.248,-9.161
11160,5.285,-9.22175
11165,5.323,-9.27775
11170,5.36,-9.2895
11175,5.398,-9.31825
11180,5.435,-9.35075
11185,5.473,-9.4065
11190,5.51,-9.43375
11195,5.548,-9.48075
11200,5.586,-9.50725
11205,5.623,-9.5765
11210,5.661,-9.6035
11215,5.699,-9.66775
11220,5.736,-9.70625
11225,5.774,-9.76375
11230,5.812,-9.81975
11235,5.849,-9.90725
11240,5.887,-9.9255
11245,5.925,-9.99975
11250,5.962,-10.0705
11255,6,-10.193
11260,6.038,-10.233
11265,6.075,-10.31675
11270,6.113,-10.38775
11275,6.151,-10.48425
11280,6.188,-10.59725
11285,6.226,-10.69625
11290,6.264,-10.75575
11295,6.301,-10.8435
11300,6.339,-10.9505
11305,6.377,-11.03375
11310,6.414,-11.163
11315,6.452,-11.23025
11320,6.49,-11.33575
11325,6.527,-11.424
11330,6.565,-11.503
11335,6.602,-11.5725
11340,6.64,-11.712
11345,6.677,-11.761
11350,6.715,-11.89925
11355,6.752,-11.97025
11360,6.789,-12.03975
11365,6.827,-12.1775
11370,6.864,-12.21325
11375,6.901,-12.329
11380,6.939,-12.4025
11385,6.976,-12.50075
11390,7.013,-12.5835
11395,7.05,-12.667
11400,7.087,-12.73325
11405,7.124,-12.78025
11410,7.161,-12.84575
11415,7.198,-12.93125
11420,7.235,-12.99325
11425,7.272,-12.986
11430,7.309,-13.01025
11435,7.346,-13.0375
11440,7.382,-13.11825
11445,7.419,-13.0895
11450,7.456,-13.111
11455,7.492,-13.107
11460,7.529,-13.09875
11465,7.565,-13.09325
11470,7.601,-13.14825
11475,7.638,-13.13675
11480,7.674,-13.1735
11485,7.71,-13.2025
11490,7.746,-13.221
11495,7.782,-13.3015
11500,7.818,-13.31
11505,7.854,-13.33625
11510,7.89,-13.3725
11515,7.926,-13.467
11520,7.961,-13.55775
11525,7.997,-13.618
11530,8.032,-13.646
11535,8.068,-13.7375
11540,8.103,-13.80825
11545,8.138,-13.89675
11550,8.174,-13.98275
11555,8.209,-14.0345
11560,8.244,-14.09775
11565,8.279,-14.16975
11570,8.313,-14.25625
11575,8.348,-14.37525
11580,8.383,-14.4375
11585,8.417,-14.5105
11590,8.452,-14.558
11595,8.486,-14.6735
11600,8.521,-14.74325
11605,8.555,-14.858
11610,8.589,-14.93125
11615,8.623,-14.9845
11620,8.657,-15.03225
11625,8.69,-15.127
11630,8.724,-15.17525
11635,8.757,-15.2165
11640,8.791,-15.30525
11645,8.824,-15.3005
11650,8.857,-15.34525
11655,8.891,-15.33375
11660,8.923,-15.34175
11665,8.956,-15.31975
11670,8.989,-15.3755
11675,9.022,-15.3445
11680,9.054,-15.37775
11685,9.087,-15.37375
11690,9.119,-15.417
11695,9.151,-15.42375
11700,9.183,-15.5155
11705,9.215,-15.51975
11710,9.247,-15.58275
11715,9.278,-15.65475
11720,9.31,-15.71075
11725,9.341,-15.789
11730,9.372,-15.93625
11735,9.404,-15.966
11740,9.435,-16.073
11745,9.465,-16.19875
11750,9.496,-16.251
11755,9.527,-16.376
11760,9.557,-16.49625
11765,9.587,-16.60075
11770,9.618,-16.6955
11775,9.648,-16.78075
11780,9.677,-16.919
11785,9.707,-17.009
11790,9.737,-17.0715
11795,9.766,-17.2
11800,9.795,-17.27
11805,9.825,-17.39725
11810,9.854,-17.46475
11815,9.882,-17.55725
11820,9.911,-17.6185
11825,9.94,-17.615
11830,9.968,-17.64275
11835,9.996,-17.69775
11840,10.024,-17.67325
11845,10.052,-17.7
11850,10.08,-17.67
11855,10.107,-17.67925
11860,10.135,-17.60975
11865,10.162,-17.6335
11870,10.189,-17.57275
11875,10.216,-17.6245
11880,10.243,-17.588
11885,10.269,-17.686
11890,10.296,-17.673
11895,10.322,-17.77175
11900,10.348,-17.7955
11905,10.374,-17.88075
11910,10.4,-17.93825
11915,10.425,-18.016
11920,10.45,-18.114
11925,10.476,-18.23225
11930,10.501,-18.296
11935,10.526,-18.4
11940,10.55,-18.464
11945,10.575,-18.56125
11950,10.599,-18.6425
11955,10.623,-18.70675
11960,10.647,-18.789
11965,10.671,-18.83875
11970,10.694,-18.9535
11975,10.718,-19.02425
11980,10.741,-19.09175
11985,10.764,-19.109
11990,10.787,-19.15125
11995,10.809,-19.1475
12000,10.832,-19.15275
12005,10.854,-19.14
12010,10.876,-19.08925
12015,10.898,-19.071
12020,10.92,-19.09725
12025,10.941,-19.015
12030,10.962,-18.955
12035,10.984,-18.90275
12040,11.004,-18.9485
12045,11.025,-18.94075
12050,11.046,-19.01375
12055,11.066,-18.99075
12060,11.086,-19.07725
12065,11.106,-19.1455
12070,11.126,-19.2475
12075,11.145,-19.33725
12080,11.164,-19.50575
12085,11.184,-19.55975
12090,11.202,-19.6765
12095,11.221,-19.81275
12100,11.24,-19.98075
12105,11.258,-20.014
12110,11.276,-20.17475
12115,11.294,-20.272
12120,11.311,-20.44325
12125,11.329,-20.56175
12130,11.346,-20.64425
12135,11.363,-20.74975
12140,11.38,-20.80325
12145,11.396,-20.82875
12150,11.413,-20.869
12155,11.429,-20.88325
12160,11.445,-20.84725
12165,11.461,-20.84
12170,11.476,-20.73875
12175,11.491,-20.68975
12180,11.507,-20.65475
12185,11.521,-20.50175
12190,11.536,-20.5025
12195,11.55,-20.42475
12200,11.565,-20.34425
12205,11.579,-20.423
12210,11.592,-20.37725
12215,11.606,-20.41675
12220,11.619,-20.4565
12225,11.632,-20.56925
12230,11.645,-20.639
12235,11.658,-20.71925
12240,11.67,-20.77025
12245,11.683,-20.852
12250,11.695,-20.959
12255,11.706,-21.05675
12260,11.718,-21.10525
12265,11.729,-21.21575
12270,11.74,-21.25975
12275,11.751,-21.3445
12280,11.762,-21.409
12285,11.772,-21.41925
12290,11.782,-21.45725
12295,11.792,-21.4385
12300,11.802,-21.4665
12305,11.812,-21.434
12310,11.821,-21.40625
12315,11.83,-21.329
12320,11.839,-21.25725
12325,11.847,-21.20275
12330,11.856,-21.137
12335,11.864,-21.1145
12340,11.871,-21.07
12345,11.879,-21.01475
12350,11.887,-21.0275
12355,11.894,-21.03875
12360,11.901,-21.07825
12365,11.907,-21.1675
12370,11.914,-21.24125
12375,11.92,-21.3105
12380,11.926,-21.44525
12385,11.932,-21.5625
12390,11.937,-21.7365
12395,11.943,-21.79525
12400,11.948,-21.9675
12405,11.953,-22.004
12410,11.957,-22.22475
12415,11.962,-22.29775
12420,11.966,-22.41675
12425,11.97,-22.478
12430,11.973,-22.5935
12435,11.977,-22.566
12440,11.98,-22.61175
12445,11.983,-22.5955
12450,11.986,-22.5315
12455,11.988,-22.4705
12460,11.99,-22.364
12465,11.992,-22.277
12470,11.994,-22.2195
12475,11.996,-22.05825
12480,11.997,-21.98375
12485,11.998,-21.9355
12490,11.999,-21.8695
12495,12,-21.83125
12500,12,-21.89475
12505,12,-21.851
12510,12,-21.9995
12515,12,-22.0025
12520,11.999,-22.0615
12525,11.998,-22.1615
12530,11.997,-22.21075
12535,11.996,-22.3065
12540,11.994,-22.40025
12545,11.992,-22.48775
12550,11.99,-22.60425
12555,11.988,-22.67925
12560,11.986,-22.68125
12565,11.983,-22.78125
12570,11.98,-22.76125
12575,11.977,-22.8175
12580,11.973,-22.78325
12585,11.97,-22.741
12590,11.966,-22.6615
12595,11.962,-22.59725
12600,11.957,-22.4635
12605,11.953,-22.3655
12610,11.948,-22.2305
12615,11.943,-22.199
12620,11.937,-22.037
12625,11.932,-22.019
12630,11.926,-21.9425
12635,11.92,-21.96825
12640,11.914,-21.9465
12645,11.907,-22.023
12650,11.901,-22.076
12655,11.894,-22.1655
12660,11.887,-22.27575
12665,11.879,-22.39825
12670,11.871,-22.49075
12675,11.864,-22.649
12680,11.855,-22.72975
12685,11.847,-22.925
12690,11.839,-23.01825
12695,11.83,-23.1115
12700,11.821,-23.25725
12705,11.811,-23.30575
12710,11.802,-23.38475
12715,11.792,-23.40025
12720,11.782,-23.35775
12725,11.772,-23.267
12730,11.762,-23.29025
12735,11.751,-23.09625
12740,11.74,-23.02225
12745,11.729,-22.873
12750,11.718,-22.725
12755,11.706,-22.5935
12760,11.695,-22.4355
12765,11.683,-22.36
12770,11.67,-22.2935
12775,11.658,-22.30675
12780,11.645,-22.22325
12785,11.632,-22.21275
12790,11.619,-22.23375
12795,11.606,-22.27775
12800,11.592,-22.36625
12805,11.579,-22.41625
12810,11.565,-22.52675
12815,11.55,-22.56475
12820,11.536,-22.67375
12825,11.521,-22.768
12830,11.506,-22.8395
12835,11.491,-22.8915
12840,11.476,-22.9995
12845,11.461,-22.94725
12850,11.445,-22.9775
12855,11.429,-22.8915
12860,11.413,-22.8655
12865,11.396,-22.7625
12870,11.38,-22.726
12875,11.363,-22.5195
12880,11.346,-22.44225
12885,11.329,-22.3265
12890,11.311,-22.15625
12895,11.294,-22.09325
12900,11.276,-22.0125
12905,11.258,-21.9385
12910,11.24,-21.90225
12915,11.221,-21.89325
12920,11.202,-21.919
12925,11.183,-21.9355
12930,11.164,-21.90875
12935,11.145,-22.04075
12940,11.126,-22.11575
12945,11.106,-22.179
12950,11.086,-22.35
12955,11.066,-22.4525
12960,11.046,-22.53
12965,11.025,-22.6945
12970,11.004,-22.769
12975,10.983,-22.908
12980,10.962,-22.891
12985,10.941,-22.98
12990,10.92,-23.00825
12995,10.898,-22.94275
13000,10.876,-22.86475
13005,10.854,-22.8225
13010,10.832,-22.6955
13015,10.809,-22.5375
13020,10.787,-22.42425
13025,10.764,-22.227
13030,10.741,-22.10225
13035,10.718,-21.94425
13040,10.694,-21.85925
13045,10.671,-21.70225
13050,10.647,-21.6665
13055,10.623,-21.551
13060,10.599,-21.55225
13065,10.575,-21.486
13070,10.55,-21.544
13075,10.525,-21.50875
13080,10.501,-21.5675
13085,10.476,-21.609
13090,10.45,-21.68125
13095,10.425,-21.79
13100,10.399,-21.84675
13105,10.374,-21.956
13110,10.348,-21.98225
13115,10.322,-22.0975
13120,10.295,-22.11775
13125,10.269,-22.172
13130,10.243,-22.138
13135,10.216,-22.17475
13140,10.189,-22.06475
13145,10.162,-21.9975
13150,10.135,-21.93
13155,10.107,-21.79075
13160,10.08,-21.621
13165,10.052,-21.51125
13170,10.024,-21.3345
13175,9.996,-21.153
13180,9.968,-21.0535
13185,9.939,-20.98175
13190,9.911,-20.8935
13195,9.882,-20.75325
13200,9.853,-20.7475
13205,9.824,-20.72875
13210,9.795,-20.7155
13215,9.766,-20.7645
13220,9.737,-20.71825
13225,9.707,-20.80975
13230,9.677,-20.91625
13235,9.647,-21.00125
13240,9.617,-21.07725
13245,9.587,-21.177
13250,9.557,-21.28225
13255,9.527,-21.40625
13260,9.496,-21.4825
13265,9.465,-21.59075
13270,9.434,-21.622
13275,9.403,-21.66025
13280,9.372,-21.6135
13285,9.341,-21.64
13290,9.31,-21.57
13295,9.278,-21.488
13300,9.247,-21.42475
13305,9.215,-21.28425
13310,9.183,-21.0885
13315,9.151,-20.97075
13320,9.119,-20.759
13325,9.086,-20.66975
13330,9.054,-20.45475
13335,9.022,-20.32675
13340,8.989,-20.19025
13345,8.956,-20.17125
13350,8.923,-19.9995
13355,8.89,-19.94175
13360,8.857,-19.896
13365,8.824,-19.8615
13370,8.791,-19.90575
13375,8.757,-19.84875
13380,8.724,-19.9565
13385,8.69,-19.892
13390,8.656,-20.0285
13395,8.622,-20.02775
13400,8.589,-20.0495
13405,8.554,-20.09525
13410,8.52,-20.15375
13415,8.486,-20.18225
13420,8.452,-20.2925
13425,8.417,-20.25625
13430,8.383,-20.25225
13435,8.348,-20.25925
13440,8.313,-20.205
13445,8.278,-20.15275
13450,8.244,-20.081
13455,8.209,-19.957
13460,8.173,-19.79975
13465,8.138,-19.674
13470,8.103,-19.56975
13475,8.068,-19.434
13480,8.032,-19.2785
13485,7.997,-19.14825
13490,7.961,-19.09625
13495,7.925,-18.90625
13500,7.89,-18.875
13505,7.854,-18.75275
13510,7.818,-18.7435
13515,7.782,-18.73275
13520,7.746,-18.68075
13525,7.71,-18.71125
13530,7.674,-18.726
13535,7.637,-18.7125
13540,7.601,-18.7235
13545,7.565,-18.812
13550,7.528,-18.793
13555,7.492,-18.959
13560,7.455,-18.987
13565,7.419,-19.0515
13570,7.382,-19.07675
13575,7.345,-19.181
13580,7.309,-19.2085
13585,7.272,-19.2755
13590,7.235,-19.25725
13595,7.198,-19.30825
13600,7.161,-19.31625
13605,7.124,-19.25125
13610,7.087,-19.21875
13615,7.05,-19.0915
13620,7.013,-18.98425
13625,6.976,-18.881
13630,6.938,-18.7205
13635,6.901,-18.58075
13640,6.864,-18.37875
13645,6.826,-18.27025
13650,6.789,-18.101
13655,6.752,-17.97
13660,6.714,-17.77925
13665,6.677,-17.742
13670,6.639,-17.598
13675,6.602,-17.51575
13680,6.564,-17.387
13685,6.527,-17.353
13690,6.489,-17.30225
13695,6.452,-17.24125
13700,6.414,-17.237
13705,6.376,-17.19675
13710,6.339,-17.2485
13715,6.301,-17.20025
13720,6.264,-17.25
13725,6.226,-17.21575
13730,6.188,-17.30175
13735,6.15,-17.2705
13740,6.113,-17.34475
13745,6.075,-17.35675
13750,6.037,-17.409
13755,6,-17.45475
13760,5.962,-17.4455
13765,5.924,-17.43375
13770,5.887,-17.4355
13775,5.849,-17.444
13780,5.811,-17.42125
13785,5.774,-17.358
13790,5.736,-17.302
13795,5.698,-17.17125
13800,5.661,-17.15675
13805,5.623,-16.982
13810,5.585,-16.87825
13815,5.548,-16.758
13820,5.51,-16.639
13825,5.473,-16.4795
13830,5.435,-16.38
13835,5.398,-16.215
13840,5.36,-16.13375
13845,5.323,-16.012
13850,5.285,-15.921
13855,5.248,-15.84575
13860,5.21,-15.7425
13865,5.173,-15.71325
13870,5.136,-15.619
13875,5.098,-15.6535
13880,5.061,-15.5645
13885,5.024,-15.5925
13890,4.987,-15.53
13895,4.95,-15.5575
13900,4.912,-15.53875
13905,4.875,-15.60075
13910,4.838,-15.58825
13915,4.801,-15.62125
13920,4.765,-15.6375
13925,4.728,-15.69125
13930,4.691,-15.7185
13935,4.654,-15.74425
13940,4.617,-15.79975
13945,4.581,-15.786
13950,4.544,-15.84875
13955,4.508,-15.796
13960,4.471,-15.89225
13965,4.435,-15.842
13970,4.398,-15.82
13975,4.362,-15.839
13980,4.326,-15.72225
13985,4.29,-15.72025
13990,4.253,-15.656
13995,4.217,-15.545
14000,4.181,-15.47675
14005,4.146,-15.35325
14010,4.11,-15.241
14015,4.074,-15.1025
14020,4.038,-14.9685
14025,4.003,-14.839
14030,3.967,-14.71925
14035,3.932,-14.57325
14040,3.896,-14.47
14045,3.861,-14.3445
14050,3.826,-14.265
14055,3.791,-14.09725
14060,3.756,-14.01525
14065,3.721,-13.93575
14070,3.686,-13.86125
14075,3.651,-13.771
14080,3.617,-13.75175
14085,3.582,-13.6875
14090,3.548,-13.59825
14095,3.513,-13.58025
14100,3.479,-13.5355
14105,3.445,-13.4955
14110,3.411,-13.518
14115,3.377,-13.4375
14120,3.343,-13.4525
14125,3.309,-13.4545
14130,3.276,-13.43925
14135,3.242,-13.46625
14140,3.209,-13.44875
14145,3.175,-13.4395
14150,3.142,-13.44
14155,3.109,-13.423
14160,3.076,-13.461
14165,3.043,-13.44675
14170,3.011,-13.451
14175,2.978,-13.42175
14180,2.945,-13.4635
14185,2.913,-13.41325
14190,2.881,-13.38175
14195,2.849,-13.38125
14200,2.817,-13.3225
14205,2.785,-13.26525
14210,2.753,-13.197
14215,2.721,-13.1395
14220,2.69,-13.06975
14225,2.658,-12.986
14230,2.627,-12.88825
14235,2.596,-12.7965
14240,2.565,-12.72825
14245,2.534,-12.60975
14250,2.504,-12.5455
14255,2.473,-12.399
14260,2.443,-12.32425
14265,2.412,-12.2105
14270,2.382,-12.115
14275,2.352,-12.01325
14280,2.322,-11.95075
14285,2.293,-11.8825
14290,2.263,-11.767
14295,2.234,-11.68225
14300,2.204,-11.672
14305,2.175,-11.61425
14310,2.146,-11.50875
14315,2.117,-11.45075
14320,2.089,-11.40325
14325,2.06,-11.35575
14330,2.032,-11.294
14335,2.004,-11.27775
14340,1.976,-11.25075
14345,1.948,-11.207
14350,1.92,-11.16325
14355,1.892,-11.11825
14360,1.865,-11.14275
14365,1.838,-11.082
14370,1.811,-11.0865
14375,1.784,-11.038
14380,1.757,-11.06925
14385,1.731,-11.049
14390,1.704,-11.06
14395,1.678,-11.0055
14400,1.652,-11.01525
14405,1.626,-10.97575
14410,1.6,-10.984
14415,1.575,-10.95825
14420,1.549,-10.97
14425,1.524,-10.9785
14430,1.499,-10.98125
14435,1.474,-10.968
14440,1.45,-10.95575
14445,1.425,-10.91225
14450,1.401,-10.95575
14455,1.377,-10.9165
14460,1.353,-10.8455
14465,1.329,-10.795
14470,1.305,-10.79675
14475,1.282,-10.7295
14480,1.259,-10.688
14485,1.236,-10.64325
14490,1.213,-10.554
14495,1.19,-10.455
14500,1.168,-10.38175
14505,1.146,-10.29725
14510,1.124,-10.217
14515,1.102,-10.18
14520,1.08,-10.05875
14525,1.059,-10.00275
14530,1.037,-9.894
14535,1.016,-9.77425
14540,0.995,-9.6815
14545,0.975,-9.61075
14550,0.954,-9.49875
14555,0.934,-9.3595
14560,0.914,-9.318
14565,0.894,-9.22275
14570,0.874,-9.16175
14575,0.855,-9.04925
14580,0.835,-8.96875
14585,0.816,-8.86975
14590,0.797,-8.81525
14595,0.779,-8.73025
14600,0.76,-8.6855
14605,0.742,-8.5855
14610,0.724,-8.5225
14615,0.706,-8.464
14620,0.688,-8.37575
14625,0.671,-8.316
14630,0.654,-8.274
14635,0.637,-8.21525
14640,0.62,-8.178
14645,0.603,-8.0665
14650,0.587,-8.0545
14655,0.571,-8.005
14660,0.555,-7.94975
14665,0.539,-7.90225
14670,0.524,-7.86525
14675,0.508,-7.789
14680,0.493,-7.755
14685,0.478,-7.68575
14690,0.464,-7.66875
14695,0.449,-7.59625
14700,0.435,-7.5505
14705,0.421,-7.514
14710,0.407,-7.43825
14715,0.394,-7.3925
14720,0.381,-7.34275
14725,0.367,-7.2795
14730,0.355,-7.208
14735,0.342,-7.1695
14740,0.329,-7.13625
14745,0.317,-7.07225
14750,0.305,-7.0215
14755,0.294,-6.9835
14760,0.282,-6.9115
14765,0.271,-6.8135
14770,0.26,-6.79
14775,0.249,-6.73875
14780,0.238,-6.7005
14785,0.228,-6.6075
14790,0.218,-6.5805
14795,0.208,-6.526
14800,0.198,-6.50075
14805,0.188,-6.39
14810,0.179,-6.35525
14815,0.17,-6.29375
14820,0.161,-6.236
14825,0.153,-6.177
14830,0.144,-6.118
14835,0.136,-6.0645
14840,0.128,-6.0125
14845,0.121,-5.9385
14850,0.113,-5.8795
14855,0.106,-5.84875
14860,0.099,-5.73875
14865,0.093,-5.693
14870,0.086,-5.61375
14875,0.08,-5.54025
14880,0.074,-5.5015
14885,0.068,-5.392
14890,0.062,-5.35925
14895,0.057,-5.27
14900,0.052,-5.25425
14905,0.047,-5.11175
14910,0.043,-5.092
14915,0.038,-5.004
14920,0.034,-4.93025
14925,0.03,-4.86825
14930,0.027,-4.839
14935,0.023,-4.72825
14940,0.02,-4.68225
14945,0.017,-4.619
14950,0.014,-4.51125
14955,0.012,-4.46575
14960,0.01,-4.366
14965,0.008,-4.3055
14970,0.006,-4.21875
14975,0.004,-4.181
14980,0.003,-4.086
14985,0.002,-4.0225
14990,0.001,-3.955
14995,0,-3.90375
15000,0,-3.8375
15005,0,-3.75125
15010,0,-3.67625